sequence,date,seed,arm_order,A_solver_seconds,B_solver_seconds,solver_reduction_percent,A_standalone_e2e_seconds,B_standalone_e2e_seconds,e2e_reduction_percent,A_gap_fraction,B_gap_fraction,A_peak_child_rss_KiB,B_peak_child_rss_KiB,B_applied_caps,B_applied_skips,A_shed_MWh,B_shed_MWh,A_max_overflow_MW,B_max_overflow_MW,raw_pair_sha256
1,2017-11-01,1,BA,56.42752152000321,25.13781883699994,55.45113774297399,66.93916442299087,38.27170870000555,42.82613320631654,0.009590228335983391,0.009590228335983391,321280,321388,1,0,0.0,0.0,0.0,0.0,58f4b62c64ae31faa859acf799fb730b88b5e0bedc6a5753c524a37d773538c3
2,2017-08-01,1,AB,81.90390112901514,47.304005781013984,42.24450224110736,92.33435887299129,60.444402866996825,34.5374748850101,0.00997449769577468,0.00995978142518781,397644,422668,0,0,312.1054513112167,312.10545131121944,0.0,0.0,c98040f362e4d38c7b713e5374d75ceaba0a48ef48a6d2d41043f7a0e157ffd6
3,2017-02-01,3,BA,38.9791536499979,24.58469770902593,36.92860052894643,49.526335119997384,37.434174698995776,24.415617250304322,0.009871829646176555,0.009871829646185687,403688,356180,1,0,0.0,0.0,0.0,0.0,351caa631f53edfd213814e9318076373da9b7edeb3d47d0878239b44872f6af
4,2017-02-01,4,AB,48.505942713003606,24.204234322998673,50.10047641748041,58.955858553003054,37.25014408500283,36.816891485832826,0.009998096682030517,0.009998096682030517,361704,349992,1,0,0.0,0.0,0.0,0.0,8460b8940563df47175d7f60a68fef04f1fcc5086bdbe54d1e8b6aaad6045781
5,2017-11-01,2,AB,63.75116173099377,34.61610984700383,45.70120934725714,74.19792467499792,47.37390057199809,36.151987027257896,0.00975391445707273,0.00975391445707273,334424,339988,1,0,0.0,0.0,0.0,0.0,f1edad4d9c3d99ff0a9c847179474b34fad8e928d06d317b3bff702ccbf565f2
6,2017-08-01,2,BA,98.31580418499652,44.854974979010876,54.376638272103996,108.62068193699815,57.92562260800332,46.67164523824185,0.009977685075360046,0.009891618921679717,447768,388716,0,0,312.10545131121864,312.1054513112215,0.0,0.0,79baebcb4475e7d425bd5d7622ae88ea042eee7c40ee4b83605aeaad14263237
7,2017-08-01,3,AB,61.20345311801066,41.24655262801389,32.607474698390746,71.73171336601081,54.43623832700541,24.11133685146387,0.00997400640346602,0.009995777271043494,392492,400244,0,0,312.1054513112207,312.10545131121796,0.0,0.0,9a028272c492bb79e3c592a220777ec4a5add0556da38afa43466fe83bf84c02
8,2017-02-01,5,BA,44.54710976200295,28.404944331981824,36.236167769945425,55.45234048599377,41.56739227598882,25.03942680924718,0.009902577014554383,0.009902577014561426,346428,361364,1,0,0.0,0.0,0.0,0.0,e589239754bed91e2f46b0ea595a891c08e80108a617f3760d20254f2e63bb95
9,2017-11-01,3,BA,45.91544466400228,23.44372822099831,48.94151980329573,56.47786901699146,37.1165146560088,34.281311773922916,0.009836771688155744,0.009836771688155744,282320,248780,0,0,0.0,0.0,0.0,0.0,cd84d0535693055ac0b45532c390fb5ad404adfb9a7e040e89c45264bff993c1
